{"0,-70": [-700.0, -700.0], "90,0": [-480.8999999999999, 1035.847957823822], "360,70": [1415.55262141271, 0], "90,-30": [-753.79998134, -847.48461], "60,10": [-844.27, -910.0], "30,-130": [-432.08899999999994, 0], "60,90": [-700.0, -700.0], "30,-40": [1595.96699331543, 0], "120,40": [-294.58029999999997, -431.5009999999999], "90,170": [0, 0], "180,30": [-136.63954499999997, 1589.9056111891673], "60,-100": [-844.9, -700.0], "270,170": [0, 0], "0,-130": [1689.1824525470554, 0], "50,240": [984.5714947336019, 0], "60,40": [-910.0, -700.0], "300,120": [1547.4307924928207, 0], "-60,-60": [1594.2541818632642, 0], "30,60": [0, 0], "120,140": [-700.0, -325.10869999999994], "90,70": [-480.333126, -630.0], "300,-10": [169.30002364844398, 0], "360,-70": [94.85701158773753, 0], "30,90": [0, 0], "390,-100": [73.39990811141627, 0], "360,60": [1541.6516165755359, 0], "-60,-70": [1680.185883895132, 0], "60,-90": [-480.8999999999999, -1036.6299999999999], "240,50": [1050.448232987408, 0], "30,-120": [906.243510245769, 0], "330,-40": [125.51001655391077, 0], "30,-50": [1693.617213317214, 0], "150,20": [-293.85999999999996, 1644.2883069699128], "90,-80": [-774.9, -482.99999999999994], "60,-110": [-774.9, -910.0], "60,60": [-910.0, -910.0], "150,110": [-213.54465999999994, -133.63943276669997], "300,130": [1429.315498259909, 0], "-30,-90": [1591.8113993001325, 0], "30,10": [0, 0], "120,150": [-700.0, -325.10869999999994], "210,60": [1450.1525766586453, 0], "0,-100": [-627.27, -700.0], "270,140": [-700.0, 1640.122853297491], "30,0": [0, 0], "30,100": [0, 0], "330,90": [1543.604765573672, 0], "-90,-40": [1675.5609206913691, 0], "120,-20": [-331.09999999999997, -566.6876529999998], "330,110": [1031.2222645896622, 0], "-60,-40": [0, 0], "30,80": [0, 0], "180,110": [-133.87036861799996, 1110.1602336990745], "210,80": [1070.8097080022515, 0], "30,-110": [-480.8999999999999, -700.0], "90,-10": [-326.45899999999995, 1647.7022447550355], "0,-50": [0, 0], "120,20": [-328.99999999999994, 840.9364863324456], "450,0": [1005.0569182390739, 0], "30,-60": [-700.0, -1190.0], "60,70": [-910.0, -700.0], "150,100": [834.6316656541396, 0], "-30,-80": [1152.7507696073064, 0], "240,130": [1628.950345449413, 0], "270,150": [-700.0, 1552.6931986046425], "0,-110": [1026.5384164536729, 0], "90,-70": [26.939871736805998, 0], "-60,-30": [0, 0], "30,110": [0, 0], "90,50": [-482.99999999999994, -630.0], "330,100": [1422.4151508594016, 0], "60,-10": [-175.1517425823159, 772.9711268442613], "120,120": [-325.10869999999994, -325.42999999999995], "0,-40": [0, 0], "360,80": [1024.7691404387115, 0], "-60,-50": [1388.620649330605, 0], "90,120": [-480.8999999999999, -480.8999999999999], "30,30": [0, 0], "30,-70": [-991.9000000000001, -1400.0], "120,10": [-329.62999999999994, 1191.3123097229272], "90,20": [-480.8999999999999, -583.146388804], "150,80": [1624.3622789055507, 0], "-90,-150": [934.1672288720868, 0], "180,40": [-34.38847849427553, 1570.7933286132168], "300,110": [1648.3290805458037, 0], "-30,-70": [-910.0, -700.0], "90,40": [-627.27, -480.8999999999999], "-120,-120": [940.881131269917, 0], "390,20": [1665.7861408697747, 0], "60,50": [-700.0, -700.0], "390,-90": [947.4964732106741, 0], "240,180": [0, 0], "30,-30": [959.3809085096658, 0], "30,20": [0, 0], "150,-50": [-224.76999999999995, -216.05100999999996], "-90,-160": [47.86595497459397, 0], "150,10": [-223.29999999999995, 1556.7288491440625], "0,-30": [0, 0], "60,-80": [-700.0, -700.0], "120,-10": [-362.93578608139995, -520.659986938], "150,90": [1184.7641224191652, 0], "-120,10": [1401.97192703883, 0], "150,120": [-213.54465999999994, -137.41970570999996], "-30,-60": [-700.0, 920.4164508626179], "30,-100": [-480.8999999999999, -700.0], "60,-30": [-326.45899999999995, 1696.487270422581], "90,30": [-626.43, -681.9266999999999], "270,130": [1044.0460003242913, 0], "-120,-130": [58.379935677991384, 0], "60,-150": [28.48553105258, 0], "480,-30": [998.3247904140396, 0], "0,-60": [-700.0, -391.20967873942027], "30,-80": [-910.0, -1349.089], "90,180": [0, 0], "30,-240": [0, 0], "150,-40": [-66.9036808566, -65.15746284896505], "240,140": [1443.1935957613223, 0], "30,70": [0, 0], "120,90": [-208.57276299999995, -327.13318819999995], "330,-30": [960.4831233886806, 0], "240,170": [0, 0], "120,110": [-215.63289999999995, -325.42999999999995], "60,-20": [-326.45899999999995, 1106.6658243700463], "-30,-50": [0, 0], "30,-10": [11.899999999999999, 0], "150,60": [-136.50577499999997, -197.10620999999998], "30,-170": [0, 0], "30,-90": [-264.74677511759415, -376.959298911231], "120,-60": [-600.15895646, -103.0820897842358], "0,-140": [0, 0], "60,0": [-953.2810000000001, -768.86813486], "60,30": [-910.0, -910.0], "-30,-40": [0, 0], "90,-140": [-482.99999999999994, -480.8999999999999], "60,-160": [-910.0, -910.0], "390,30": [1541.625360432761, 0], "300,140": [-700.0, 1037.64250207964], "390,40": [1408.7359492434643, 0], "90,140": [-480.8999999999999, -480.8999999999999], "360,50": [1660.4889732066285, 0], "90,110": [-482.99999999999994, -480.8999999999999], "210,50": [-38.457152167859675, 1613.0071634463475], "0,-90": [913.3791157817047, 0], "30,40": [0, 0], "90,10": [-482.99999999999994, -680.7305693999999], "30,-20": [-326.45899999999995, 0], "420,20": [1011.7007675087584, 0], "510,-50": [991.4972500145894, 0], "150,70": [-247.05505025697994, 1105.2786556672932], "-90,-30": [1601.10466764264, 0], "-30,-100": [1684.713682107427, 0], "180,90": [-80.09795765435658, 1510.6699792536053], "90,90": [-482.99999999999994, -480.8999999999999], "150,140": [-700.0, -214.08777228999995], "90,-20": [-328.99999999999994, 1650.173086246017], "300,0": [966.8868301546055, 0], "330,80": [1654.8395173893337, 0], "120,0": [-331.09999999999997, 1631.2006032859317], "60,-50": [-909.37, -946.26], "270,20": [973.254669624429, 0], "-30,-30": [0, 0], "390,50": [1018.2670401405468, 0], "60,80": [-910.0, -700.0], "60,120": [-700.0, -700.0], "120,170": [0, 0], "60,-40": [899.0248555139649, 0], "0,-120": [1592.6860949180173, 0], "270,160": [-700.0, 1436.244765237365], "-120,-10": [1670.7844558490376, 0], "60,100": [-700.0, -700.0], "120,50": [1112.448154824881, 0], "-30,-110": [0, 0], "0,-80": [-700.0, -700.0], "-60,-80": [927.3466967657091, 0], "240,190": [0, 0], "360,-60": [954.0254025710625, 0], "-120,0": [1613.6697829725538, 0], "180,80": [-77.41767361025207, -83.35210057999998], "-90,-20": [1395.2657407668457, 0]}